NONE	Thank you PPact for treating me with kindness & respect & TLC during my wellness exam. womenshealth yaycondoms
FAVOR	Well that's a win for women in Texas. Thank you SCOTUS! texas
FAVOR	Are the same people who are red faced and frothing over abortion also against the death penalty? Just wondering... deathpenalty
AGAINST	Good reminder that over 57 million children have never been granted the opportunity to share the air we breath. Equality
AGAINST	Prolife laws kill women. Real feminists are prochoice. Calling us feminazi? Because of course you have no arguments. fem2
NONE	Please pray for mercy for AndrewChan & MyuranSukumaran IStandForMercy KeepHopeAlive Bali9
AGAINST	DardenMBA As a former fetus I oppose ProlifeYouth
AGAINST	RT ProLifeYouth: SCOTUS says they support equality for all. Well what about equality for the unborn?
AGAINST	NARAL TIME At the same time, this decision ISN'T always a difficult one. Don't let antichoice guilt-trip people.
FAVOR	Adding to the progress of this week the Supreme Court is also allowing Texas abortion clinics to stay open! SCOTUS
AGAINST	Abortionists refused to comply with these constitutional, common-sense standards. NARAL
AGAINST	Niall250 good thing is that DUP have consistently said ALL murder was + is wrong. SF were pro murder...still are.
AGAINST	ghhshirley WordfactoryQ LeahNTorres Abortion Workers Charged with Manslaughter After Another Woman Dies From
FAVOR	People who have never had an abortion can be prochoice. People with a uterus can be prochoice. People who never want kids can be
AGAINST	Life is our first and most basic human right.
NONE	I think Marcus is slightly scared of my radical liberal side feministally
AGAINST	RT Esmerald_Kiczek: Children are the greatest blessing which God has bestowed on man and woman. -Pope Francis
FAVOR	davebachman34 Clifford1462 msnbc you know what massively reduces abortion? Sex education and access to birth control.
FAVOR	Off to the clinic this morning. 2015 and we still have to chase away anti-choice nutters harassing our patients.
NONE	SupremeCourt is on a roll this week, did they just discover coffee or something?? MarriageEquaility
AGAINST	k8write95: 1/3 of my generation is missing. And it can't be changed. But we can change the future. ProLifeYouth
AGAINST	POTUS if every child matters regardless of skin color? why do we as a nation continuously keep aborting them? AllLivesMatter
AGAINST	You will not silence my message you will not mock my God you will stop killing my generation.youth
AGAINST	The world is waking up to the fact that killing babies is wrong. No matter what. ProLifeYouth
NONE	GolfProYYC every time TaylorMadeGolf pops up I think its you posting. dyslexic oneinthesame
FAVOR	We live in a world where people care more about religious rights than consent & reproductive rights....
AGAINST	Pro-Choice is meaningless. Say what you mean. You stand for the right to choose to kill.
NONE	kilcurry in those hospitals that signed up to the legislation.
AGAINST	It is a poverty to decide that a child must die so you may live as you wish. -Mother Teresa prolifeyouth prolifegen
AGAINST	Pro-Life Legislative Day Party in Lansing today! See y'all there! sopumpedgen
AGAINST	We have the duty to protect the life of an unborn child. --Ronald Reagan ccot gop
FAVOR	I don't plan on ever having an abortion, but here's the thing ...I don't think anyone ever PLANS on it.
AGAINST	We are surprised at SCOTUS ruling on marriage? Isn't this the the same government agency that legalized murder?
NONE	forrest_grump Large parts of it were difficult to write so I can't imagine having to read the fucking thing.
AGAINST	SCOTUS at it again! Blocks Texas from enforcing part of new abortion law! We have to stop killing babies!
AGAINST	ProWomanChoice forcing women to change their body's normal function is the epitome of controlling women.
NONE	Woah the hashtag puts the rainbow heart itself there that's weird butimnotgay
AGAINST	RT dave_gosh: Im Prolife and Abortion has and will always be taking a life! ChooseLife Christians Prolife...
NONE	You know what's best You know what's best for your well being You know what's best for your life...
AGAINST	LifeNewsHQ 22wks is too late to be able to have a termination in my opinion, these triplets are babies not a bunch of cells.
AGAINST	I love how liberals only accuse conservatives of war on women when we don't want to fund
AGAINST	Mzwakhe mbuli says doctors & nurses are paid assassins.. they kill unborn babies & give it a fancy name
NONE	kilcurry he is still waiting for an answer, instead of wealding his authority to put a stop to it and disobey the government.
AGAINST	saintjohnfargo chrisgeidner tweetbrk Ginsburg already supports the death penalty..she calls it
AGAINST	There is something very sinister, NAZI-esque, about folks who support killing babies. qanda auspol
AGAINST	The right to choose? Thats a lie! babies don't choose to die! Prolifeyouthgen
AGAINST	saadoescatholic: Americans have the right to life liberty and the pursuitofhappiness, so why dont unborn Americans?
AGAINST	it's ironic that ppl will perform lifesaving therapies on animals to preserve their lives-but have staunch views in favor of
AGAINST	Okay so how about declaring and protecting equality for the unborn now? SCOTUS Murder
FAVOR	m_lonz LifeNewsHQ Captors have already been born and are no longer part of the body of a pregnant woman. That's the difference.
AGAINST	It is so much fun having younger friends who are expecting babies. beentheredonethat chooselife
AGAINST	SCOTUS blocking part of our Texas Anti-Abortion law. Maybe we should call them the Supreme Tyrant. tcot tgdn
AGAINST	They made same sex marriage legal but they won't make abortion illegal. What is wrong with this world? adamandevenotadamandsteve
AGAINST	Do nothing at all unless you begin with prayer. -St Ephraem the Syrian
NONE	"Roberts, Scalia, Alito, Thomas. Hereinafter, "" R-SCAT "". SCOTUS Equality"
AGAINST	"enilk1988: Chris_1791 Doodisgirl thought it was just tissue"""
FAVOR	Today I am grateful for the reproductiverights that allow so many families to escape poverty. abvote
AGAINST	If being a mother's womb isn't safe I guess neither are churches; specifically black ones WhoIsBurningBlackChurches
AGAINST	Preach! 'Black Sheriff Says if BlackLivesMatter, They'd Protest at Abortion Clinics'. ChooseLIFE AllLivesMatter
AGAINST	I really don't understand how some people are Pro-Choice. A life is a life no matter if it's 2 weeks old or 20 years old.
NONE	SenatorLankford just a reminder that you are awful in every way and do not represent me. prolove proeducation prohealthcare
AGAINST	A woman who deliberately destroys a fetus is answerable for murder.-St. Basil the Great
AGAINST	We should not deny the basic human right to life for unborn babies. LifeWins EndTheDiscrimination
AGAINST	I'll always put all my focus and energy toward keeping people alive instead of deciding who gets to marry.
AGAINST	It is not progressive to try to resolve problems by eliminating a human life. - PopeFrancis
AGAINST	ToddPuckett1 we discussed how Business calculates risk factors. Drew was attacking SpaceX inferring life is at risk. I invoked
NONE	Another SCOTUS decision I do not agree with. It's time to do away with the death penalty all together.
AGAINST	Let's agree that it's not ok to kill a 7lbs baby in the uterus DWStweets DNC Clinton2016 HillaryforIA ProCompromise
FAVOR	I watched AfterTiller and it gave me a whole new perspective on a woman's right to choose. womensRights
AGAINST	Esmerald_Kiczek Rock on girl! We all know AbortionIsMurder.
AGAINST	"Canada's legal definition of ""human being"" is based on 17th century science. It's time for an update. ProLifeYouth cdnpoli"
NONE	SCOTUSblog My TheGoodGodAbove, is it 1973 already?
AGAINST	If 'tis not human beings in the womb, how do we harvest and transplant their organs onto human beings?
AGAINST	RT RogerIsCatholic: Save the Baby Humans! WAAR
AGAINST	Why are we all here? Because all of our mothers granted us the gift of life and did not abort us. All life has value. ProLifeYouth
AGAINST	LuM1996 KurtSchlichter Obama cares more about deserters than unborn babies ProtectTheUnprotected AntiAbortion
NONE	How can a kingdom founded in violence long control the vice that brought it n2 existence? <-- commentary on Judges9 BarackObama
AGAINST	notmuchelse you want the freedom to murder a baby. Rip them limb by limb. No change in subject by me.Libertarian
AGAINST	AnneJp1946 I have no problem with birth control but their you go with that free thing again. So your solution is murder good idea
NONE	rosaryrevival Prayers & best wishes for St Catherine of Sienna on Wednesday. Will say Eastertide Glorious Mysteries as usual.
AGAINST	We all are sinners, but what right do humans have to kill another human being? Is that what God wanted us to do? SCL thoughts
NONE	"Any asshat ""protesting"" against SofiaVergara is a disgrace to the entire Women's rights movement. Live and let live."
NONE	It is the greatest of all mistakes to do nothing because you can only do little. Do what you can. humandignity
NONE	ArkBuilder17 we may disagree but I love ya man I don't want hard feelings
AGAINST	"Hillary, Here's one Christian whose religion views will never ""adapt"" to include abortion. Abortion is murder."
AGAINST	I truly believe that BlackLivesMatter and that's why I'm against Planned Parenthood. ycot
FAVOR	Whether someone wants to have children or not should be completely up to the person carrying that pregnancy...
NONE	Peer pressure is real! Parents also need to get real! Lay the facts right on sex! To those who are misleading shame on u!
FAVOR	Americans clearly support family planning. Cutting Title X is wrong ProtectPrevention savetitleX
FAVOR	It's not yourbody, so it's not your choice.youthgen
AGAINST	I am just as much a feminist as any pro-choicer. I simply carry my beliefs to their logical conclusion. faminism YesAllWomen
NONE	RT modernwerewolf: Why doesn't anyone congratulate me for NOT getting knocked up? Throw me a damn shower ReproJustice
NONE	"Every good Christian wants to make sure the unworthy ""those people"" don't have health insurance. Because Jesus. RedState tcot"
FAVOR	TheFullBug Dehumanizing? Why are you dehumanizing the pregnant person? They're more than walking incubators, and have rights!
AGAINST	'Cursed be anyone who takes a bribe to shed innocent blood.' And all the people shall say, 'Amen.' Deuteronomy 27:25 dropsmic
AGAINST	Mary, Help of Christians persecuted everywhere, pray for us! HolyLove UnitedHearts MaranathaSnS profamily 1m1w marriage
FAVOR	Catniptwoshoes hoursofChaos bindelj if men could get pregnant things would change pretty quickly! BackOff
AGAINST	It's time to be a voice for the voiceless. Stand up for the unborn! AllLivesMatter ProLifeYouth chooselife
AGAINST	During an abortion, something alive must become dead to be considered a successful abortion... p2 tcot ChooseLife Choice
AGAINST	umich Unjustified homicide should ALWAYS be illegal, including ProlifeYouth
FAVOR	What is the difference between a baby and a onion? No one cries when you chop up the baby. Hahahahaha! Love dead babies! Babies
AGAINST	BruvverEccles Telegraph David_Cameron I despair! I want grandchildren or are they a 'luxury item' Catholic
FAVOR	RT PinkGypsySoul: The single most important factor for women's advancement in society is our ability to control our fertility.
FAVOR	Assaulting & manipulating pregnant people doesn't reduce
AGAINST	Humans have taken over the role of God - RachelDolezal CaitlynJenner SCOTUSMarriage
AGAINST	Hey Megan--a baby's heart starts beating at 21 days after conception. No time is the right time to end its life!! kellyfile
AGAINST	"I get the whole ""Kill your darlings"" advice, but I feel like an abortionist with all these unfinished stories. Writing Literary"
AGAINST	if we can accept that a mother can kill even her own child, how can we tell other people not to kill one another?
NONE	abc13houston Don't Let Obama Control Your Actions. Progressives have destroyed the Black Community LBJ Clintons Drugs
AGAINST	.ChadCottle From 1.4 million/yr to 1.1 million/yr. The ONLY way to make them decline to <5,000/yr is by making abortion criminal
FAVOR	Lol it's no ones choice but the woman's when it comes to abortion. Men shouldn't even be able to vote on the issue.
AGAINST	"RT OurBrother1: ""A nation that kills its own children has no future.(On Abortion) ~Bl. John Paul II"
FAVOR	Your life, your body, your choice. womenshealth womensrights
NONE	FoxNews BristolsBlog Not possible. BristolPalin doesn't believe in
NONE	They may need to figure out how to get out of school or work that day.
FAVOR	Stuart1927 GoodCounselNet Thank goodness politicians saw sense and recognised women's rights over their own bodies.
NONE	Follow Patriot --> MsMistiNichole. Thanks for following back!! Truth Liberty Justice ProIsrael WakeUpAmerica FreeAmirNow
NONE	mrsdrjim did you know wrp BrianJeanWRP tried to get personhood going via federal motion312.
AGAINST	Both Democrats and IslamicState murder by dismemberment. The only difference is the age of their victims. ISIS
FAVOR	kfadich Every sperm is apparently sacred, and entitled to use of someone's body. rapeculture worstargumentever
AGAINST	toby_dorena Any pregnancy can turn deadly at any time, without warning. I can't force that on someone.
FAVOR	mrprolife Complications come with all types of medical procedures, doesn't mean procedure itself should be banned. DealWithIt
AGAINST	Agree choice if woman's life in danger. But rape - does the baby deserve death for crime of his/her father? HelpBillColeman
AGAINST	UB Students for Life and createdequalorg are currently on North Campus by the Student Union speaking out against
AGAINST	WildChild69 Now you are not even sense. And, once again, abortion is not healthcare. With every abortion at least one human lies.
AGAINST	On my bday I'm always so grateful to my bio parents who gave me up for adoption nochoiceisevereasy
AGAINST	"RT ProLifeYouth: ""It seems to me clear as daylight that abortion would be a crime."" -Ghandi ProLifeYouth"
AGAINST	ProLifeYouth know that human life = human life, inside the womb or out.
AGAINST	When you bring up the 50 million black babies aborted in the past 30 years people get offended...
AGAINST	Why do you cry when a dog dies in a movie, but it doesn't seem to phase you that so many babies die because of abortion?
AGAINST	like i really need to walk past a bunch of aborted babies to get into the union. get out of my peripheral
AGAINST	The Constitution of Kenya 2010 is clear that abortion on demand is illegal. FIDA
AGAINST	codeinediva Like i said you are weak. We are strong! Christian WeWillOvercome
AGAINST	I've noticed that everybody that is for Abortion has already been born-Ronald Reagan LetthemLive AllLivesMatter
NONE	There Will Never Be Enough Of Us should be the slogan at
AGAINST	Equal rights for all SCOTUS? Except for the unborn?? ycot overturnRoe
NONE	Liberals don't realize they conceded the debate. Now - per Shaw - we are just going to haggle over price. Idiots
AGAINST	Unthinkable, shameful, acceptable, encouraged, desirable ...the evolution of killing the defenseless. msnbc jemimakirke
AGAINST	Your body belongs to you. It doesn't belong to the church, the state or an embryo.
AGAINST	The Democrats just gave the most chilling reply when asked if they support aborting 7-pound babies
AGAINST	mrgeology They abort millions of their possible progressives for the future. Downfall
AGAINST	Idiot: how would you feel if your mom aborted you? Me: nothing cause I would be fucking dead.
AGAINST	PlannedParentHood, their agenda is all about the money. Killing babies is big business & minority genocide is the result. ccot
NONE	Girls don't want boys. Girls want
NONE	Someone snitched on the mom having sex with and playing naked twister with teens. I bet it was her Cock blocking ass children.
NONE	Anti-vaxxers are such an idiotic bunch... Seriously, guys. Vaccinate. Your. Kids. stopsb277 conformcomics marvel dc
FAVOR	What a great day to argue the benefits of making abortion legal
NONE	It's a good day to be alive :) everyone deserves to have the choice to marry the person they love! LoveWins EqualityForAll
AGAINST	"Dear SCOTUS, now that you deemed it constitutional to ""defend the rights of ALL people,"" can we get a ruling to abolish abortion?"
AGAINST	TheReadClub He who wears the shoes knows where it hurts but I'm Pro-life. TheReadClub
AGAINST	The HHS contraceptive mandate has been challenged in SCOUTS 6 times and has lost 6 times. contraception
NONE	Praying for that innocent lady. She's a victim too. I hope the execution will not proceed. NoToDeathPenalty SaveMaryJaneVeloso
NONE	Today, AB 775 passed out of Committee on Judiciary 3-7. We will let you know how to help!
FAVOR	Kudos to the mentality that believes people who are dumb enough to not use protection are 'mature enough' to take care of a baby.
AGAINST	LifeNewsHQ I would consider this, to be dispersal of a chemical weapon, one that kills children.
NONE	LifeNewsHQ What could have happened in her past to make her the cruel & frighteningly hard-hearted woman she is? waronwomen
AGAINST	"Is America still ""One Nation Under God"" violence racism samesex LustWins populationcontrol hate atheism Secularism"
AGAINST	MI_IMMACULATA GLORYtoGOD_143 BenignoVito Very important to PrayTheRosary to PrayforthePersecutedChurch & to
AGAINST	Don't see the big deal about all this
NONE	Listening to reggielittlejhn speak about her work leading WomensRights Without Frontiers. So inspiring! AUL JeanneaneMaxon
AGAINST	...and said unto them, Suffer the little children to come unto me, & forbid them not: for of such is the kingdom of God. Mk 10:14
AGAINST	DonRients: people aren't just killed by guns. 9 people died and that's sad. But how many die daily from abortion?
AGAINST	Just laid down the law on abortion in my bioethics class. Catholic
NONE	beckaviau MikeRedmondNDP duh.... Planned pregnancy around election date, new fad. Get with the times.
AGAINST	JimDDaniels1 Plenty of reasons for Christians not to support Hillary. Not the least of which in my mind is her stand (w/Dems) on
AGAINST	You can't kill someone cause you claim you made a mistake. If true nobody would go to jail for killing their spouse.
AGAINST	Patient advocate Stephen Casey of Texas Center for Defense of Life strongly supports HB3074. TXlege
AGAINST	abortion clinics... back alleys with a profit center and air conditioning?
AGAINST	You have a God given right to live. And of all places, inside your mother. -Phil Robertsonyouthgen
NONE	Great college training in Stevens Point today!gen WRTLCollege
NONE	Took God, discipline & tobacco out, made ^airtight & filled homes w/^CO2 cuz of energy & climate lies. Evil & energy use soared.
FAVOR	.DRUDGE_REPORT not sure I agree with her decision but, it is her decision.I wonder how many of the critics would support abortion?
NONE	Bristol Palin doesn't want any lectures, you guys. That's her job. hypocrisy 15minutes
NONE	"WayneSense ""In check"" is putting it nicely. MargaretSanger"
NONE	remember the gates of Hell will not prevail. GayMarriage
AGAINST	Mozambique's new penal code takes effect on Wednesday containing several significant new elements,including decriminalisation of
NONE	PnkGlitterChemE SayNoToSuicide4 Being Gay is a Choice Just like
NONE	if it wasn't for harry all my favorite characters would still be alive
NONE	Parents have left their role to the teachers! Parents need to have skills to reach out to their own children it's important!
FAVOR	"LogicOfLife7 Premise is wrong. Nothing on earth has a ""right"" to use someone's body w/out consent. rapeculture"
FAVOR	I refuse to let people like you shame and insult women for accessing healthcare. Sorry. Just no.
AGAINST	The right to life should be the first among humanrights -Pope Francisyouthgen
AGAINST	kugrl6 good riddance to millions of black babies? I really hope I'm misunderstanding you
FAVOR	Just a reminder, don't take your eyes off SCOTUS yet reprohealth is still on the line. womensrights ReproJustice reprorights
FAVOR	Dear BristolPalin. STOP. Just FUCKING STOP. You have choices. It's called abortion. Take it or leave it but quit whining. fem2
NONE	michaelianblack i don't follow the news, is there a new law that ALL gay people have to get married? I'm against that!
AGAINST	RT rob_mcarthur: JustinTrudeau try joining the millions of slaughtered unborn CHILDREN robbed of their right to choose. cdnpoli
AGAINST	Even the smallest person can change the course of the future.youthgen
AGAINST	Also, abortion is wrong biblically and morally. Imagine never getting a chance to live your life. Think about where you are now.
AGAINST	I will agree to gay marriage if you agree to pro-life and then adopt babies that would have been aborted.
NONE	Follow Patriot --> Enuffis2Much. Thanks for following back!! Truth Liberty Justice ProIsrael WakeUpAmerica FreeAmirNow
AGAINST	Why is it illegal to kill an unhatched eagle egg but its legal to kill an unborn human baby?isright
AGAINST	Put into perspective: Est 32,000 rape-caused pregnancies/yr = 22x less than est 730,000 abortions/yr. StrawMan WarOnWomen
AGAINST	ProLifeYouth if you are truly a feminist you would be fighting for the woman's life that is in the womb. AllLivesMatter
AGAINST	Call me an extremist, but I think dismembering babies is wrong.youthgen
AGAINST	Plenty of stem cells without baby smashing, by the way.
AGAINST	Now that the govt and The Supremes have saved the gays, maybe they will save the babies next.
AGAINST	prolife_wife Yup. The women in the womb are as precious as those who are outside of it. ProLifeYouth AllLivesMatter
AGAINST	WH: Motherhood's a Wage Penalty. So we pay em to have kids & we pay em to kill premature babies. WTF's point here libs? PJNET
NONE	CrushTheCFR Yes, heard you the first 500 times you tweeted SIX kids. she is probably also
FAVOR	Bernadette Smyth is an ignorant thunder cunt. Not her life. Not her body. Not her business. ItsABallOfCellsNotABaby NewsNI
NONE	On Manila TV,Monday: Pacquiao appeals to IndonesiaPresident -don't execute MaryJaneVeloso deathRow drugTrafficking Christian
NONE	_hannahwilhoit paigem32 I'm done with the convo. But before I go.
FAVOR	RT spicysandwich: Say it again for me one time! Anti-abortion laws only lead to unsafe, illegal abortions!
NONE	vandergraafly Keep up the good work! They are nutters
AGAINST	One day I'm gonna set an abortion clinic on fire. Anyone wanna join?
FAVOR	My teacher today basically said that embroyo's are nothing but skin + blood & that abortion was fine. smartlady
FAVOR	Lmao my school thinks giving women the right to an abortion is against feminism. They don't know feminism wtf
NONE	"I will believe the narrative that ""black lives matter"" when ALL black lives matter, all the time. BlackOnBlackViolence"
AGAINST	Abortion is not contraception. Contraception is about preventing pregnancy. Abortion is terminating a life. CCOT
NONE	They say God isn't listening? Just look at that radar today. prayfornepal
FAVOR	They know what's best for their safety.
AGAINST	SenTedCruz Great job on TODAYshow. Scotus should have been eliminated 41 years ago when they called for the murder of children.
AGAINST	Thank you for another day of life Lord. Christian Catholic TeamJesus
FAVOR	"Yep. RT: ""Defunding PP won't mean fewer abortions. It will mean more dead women. prochoice"" 1in3"
FAVOR	BRAVO TO BOTH OF YOU BEAUTIFULLY EXPLAINED HOLD UP humantrafficking bill SenBlumenthal DickDurbin womensrights righttochoose
FAVOR	jacelarson He's not concerned about women's health, it's all about control. Stay outta my lady parts, Mr. Patrick!
AGAINST	The answer to a crisis pregnancy is to eliminate the crisis not the child.youthgen
NONE	shaniaajaee I still love you no matter who you love
AGAINST	We say God bless America but we kill 4,000 babies a year.
AGAINST	Before we go looking for life on other planets we should stop killing life on this one. prolifeyouth prolifegen
FAVOR	people in the government care more about words in a bible than women and their bodies
NONE	JustinTrudeau, how do you plan 2 endorse PEILiberalParty WadePEILiberal who'd not b able 2 run 4 fed liberal_party? peipoli
NONE	A little VAN action before work datadatadata
NONE	slowdoghdfc I know. God won't be mocked tho. So I blv we shd expect judgment~as if thr wr not already enuf rzn 2 judge America.
AGAINST	Can we make sure lovewins for babies too? Or nah...
AGAINST	If men could get pregnant, abortion clinics would be like Starbucks
AGAINST	The day that love will truly win is the day that the injustice known as abortion is abolished. AllLivesMatter
AGAINST	"True equality"" allows all to be born."
NONE	Meme on like it's the last Reddit thread on Earth. AgeofUltron lifeadvice protip propeller propane andpropaneaccessories
NONE	CoraSherlock NORTHANNE fdelond you Cora ignore that IRE export the 'problem',to UK MarieStopes itwontgoaway repealthe8th
AGAINST	How can there be too many children? That is like saying there are too many flowers -Mother Teresa prolifeyouth
AGAINST	Life Fact: At just 9 weeks into a pregnancy, a baby begins to sigh and yawn. LifeFact
AGAINST	"In so many ways, to so many people around the world, America really IS the ""Great Satan"" GayMarriage Drugs WakeUpAmerica"
AGAINST	Children are the greatest blessing which God has bestowed on man and woman. -Pope Francis LifeisaGift
FAVOR	You know what's best for you You know what's best for your happiness You know what's best for your well being
AGAINST	JohnFugelsang I'm not surprised murder is legal in Israel, should be illegal in civilized countries like USA
AGAINST	We all have a duty to protect the sanctity of life...from the first cell division, to the last. ProtectLife pjnet ctot ccot
AGAINST	Now that there's marriage equality, can we start working on equal rights for unborn children?
NONE	EmilyBeaulieu1 maybe that's what he wants
AGAINST	WORLDWIDE R.E. Agents! - Support a ProLife Group (U-choose) at NoCost ProLifeRealEstateYahoo.com
AGAINST	There's a law protecting unborn eagles, but not humans uh, idk if you've noticed, but there aren't 7 billion eagles around.
NONE	Spent the WHOLE day on my highlight film from my Israel trip...I'll post the link and Instagram the link to it ballislife
AGAINST	TheHeavySquad DailyWordsOfWisdom Pat's best Hell is for children still defines goverment fostercare adoption
NONE	"The people who never spoke up against the Nazis during World War II were likely ""live and let live "" people. fb"
AGAINST	I can tell women what to do with their bodies ThingsYouDontSayAsAPolitician
NONE	emrata did u become a lib before or after u made it in Hollywood? BlackLivesDontMatter whitebrunch
AGAINST	Just like abortion, even though SCOTUS says gay marriage is legal doesn't make it moral. SCOTUSMarriage FreedomOfReligion
AGAINST	If you aren't responsible enough to take care of a baby, why are you having unprotected sex?
FAVOR	nytimes Thanks to anti-choicers, women dealing with this may also face prosecution.
AGAINST	Well now that marriage is out of the way we can focus on abolishing abortion, stoping the murders of unborn children
AGAINST	Thr r no rights w/o responsibilities. The rt 2 bodily autonomy comes w/ the responsibility 2 care 4 1's unborn child ProLifeYouth
AGAINST	Legalized tweeting-instead-of-procreating discriminates against the unconceived child. worstargumentever lolanti
FAVOR	It's a free country. Freedom includes freedom of choice.
FAVOR	LilaGraceRose defunding PP won't mean fewer abortions. It will mean more dead women.
FAVOR	Breda O'Brien strikes again, why can't people just allow the woman who is carrying the 'child' to make her own decisions Amnesty
AGAINST	Rise & Shine its a new day & you're alive. Thank God 4 another day of precious life. Christian Catholic TeamJesus
AGAINST	It's time to end the deathpenalty in the United States. wholelife
FAVOR	A needed, safe medical procedure is available to women. Unfortunately, RW men say they should make women's decisions. Sad, huh?
FAVOR	RT rxchelredekop: Consenting to sex is not consenting to being pregnant!!! Like!!! No!!!!
NONE	KC_Football_Guy I am all for focusing on things that matter. ISIS Racism Immigration ChiefsKingdom
NONE	If you believe in its power; then pray. Nepal Baltimore ISIS Kenya GenderChange Injustice Slavery Racism MiddleEast
FAVOR	What a great 7 days to be an American, especially a Texan. SCOTUS LoveWins Obamacare
NONE	So happy that America is making it possible for ALL of its people to be married to the ones they love! MarriageEquaility
AGAINST	Why is bacteria considered life on Mars, but a heartbeat is not considered life on earth? heartbeat
FAVOR	So prolifers are against health rights?
NONE	Help your friend figure out how they're going to get there and where to stay if they need to spend the night
AGAINST	ghhshirley Abortion Workers Charged with Manslaughter After Another Woman Dies From
AGAINST	Because as long as we're ending innocent lives, love has won nothing.
AGAINST	They haven't eliminated murder. They just call it by a different name. prolifeyouth prolifegen
FAVOR	Do you know anything about the right of bodily autonomy? Describe it then if you don't think the fetus takes it away from her
NONE	Equality in the states is a nice step forward to a better America. ProudToLove
NONE	How ironic is it that im sitting in PPact & swiping on Tinder right now?
AGAINST	How Ohio is secretly as restrictive as Texas with their antichoice laws TRAPlaws
FAVOR	AzzarelliJim Not so great for the women you want to force to give birth against their wills. rapeculture
AGAINST	.RebeccahLouise I'm not forcing anyone to do anything. Abortion is not 'medical help' & there are better options. Very proud to be
NONE	SteveStfler too many people are taking this to seriously
AGAINST	Without life, the right to liberty and the pursuit of happiness aren't possible. ProLifeYouth AllLivesMatter
AGAINST	KarrattiPaul chooseliferacer And gov't $ should never go to the largest corporation that murders little babies. Defund
AGAINST	Abortion does not prevent rape. Kittington
NONE	GregAbbott_TX when did God define anything? Right, you are just a bigot trying to stick to your closed-minded agenda. bigot
AGAINST	If you don't want your kid, put it up for adoption. sorrynotsorry
AGAINST	notmuchelse And the unborn ARE human lives completely human & alive from conception. Abortion KILLS
AGAINST	When you abort a baby, you don't just abort one person ...you abort generations.
AGAINST	I was born 4 months premature... I'm perfectly fine, somehow killing babies is legal in this country.
NONE	"Selfish men everywhere: ""BirthControlHelpedMe cheat on my wife! But she found out anyway & our marriage was destroyed."
FAVOR	tooprettyclub Are you OK with GOP males telling you what you can and can't do with your own body?
AGAINST	She has a brain, a heart, and her own unique DNA, not her mother's. She is alive and human. Please don't kill her.
AGAINST	In the aim for equality we have forgotten the most innocent, the smallest, the most precious among us. The unborn. catholic
FAVOR	God forbid you'd ever have to walk a mile in her shoes. Then you really might know what it's like to have to choose.
AGAINST	If it isn't a human life then why does PPFA have a problem with us?youth itisahumanlife
AGAINST	Equal rights for those 'born that way', no rights for those not yet born. LiberalLogic liberalism life
FAVOR	conspiracyimage ThislsAmazing actually noone said they dont consider it life, and an abortion is between a woman and her doctor
AGAINST	Why don't black lives matter in the womb?
AGAINST	POTUS seals his legacy w/ 1/2 doz wins. The GOP agenda? STILL!! Repeal Gun laws & Obamacare Ban Access 2 TotalLosers NoIdeas
NONE	bristolpalin is more proof that abstinence only education doesn't work. Affordable access to contraception
AGAINST	. . . abortion is not self-defense, shooting the rapist is Kittington PJNET TCOT
AGAINST	"SCOTUS decision on homosex'lity-based ""marriage"" carries as much moral authority as its past decision on Roe v. Wade: Anti-Truth"
NONE	Today catch me at TJBballCamp basketball camp.... work youthbuilding thejourney42
AGAINST	"RT TheKeyisPrayer: ""No law can give me the right to do what is wrong."" -Abraham Lincoln"
AGAINST	explicit0ceans But adoption chooses to let them live. Obviously a huge difference. You can see that, right? Adoption
NONE	Excellent 'speed-dating' ethics discussion today in Yr9 class morality
FAVOR	AsaSoltan putting abortion in with choices for women just won my heart over. Yaaaaaas! shahs
AGAINST	Just remember, there is a living family out there just waiting to adopt your aborted baby.
NONE	We're at a moment where we need the kind of intergenerational dialogue that RBG brings irin AspenInstitute Spotlight:Health
AGAINST	.giannaberettamo GiaMolla sphcs_news Happy feast of St. Gianna Beretta Molla! May she pray for us!
NONE	"Hey, BristolPalin, when Alaska asked you to promote ""wide open spaces,"" pretty sure they were talking about the state."
AGAINST	And do not kill ur children for fear of poverty. We provide for them & for u. Indeed, their killing is ever a great sin. Quran
AGAINST	"glennbeck I would like to see poll: How many abortion doctors have told a woman ""No, an abortion is not required in your case."
NONE	Time to make a change in my boxing style can u say GGGBoxing style but still be great on my defense beastmode boxing ximenez
NONE	FollowFIDF The Gods Law, the Truth, is being supressed! They thing they are eternal! gaymarriage LoveWins
FAVOR	It's so brilliant that lovewins - now extend the equality to women's rights abortionrights
AGAINST	U don't have to be a religious to be pro-life. All u have to believe is that every life is sacred
AGAINST	Abortion is legal all nine months in Canada and in some parts of the USA. ProLifeYouth
AGAINST	It hurts my 2 C ppl more offended over a flag/symbol than deaths/abortions of millions of innocent children! flag Mississippi
NONE	Woe to those who call evil good & good evil. Isaiah 5:20 SCOTUSMarriage
AGAINST	Just owned a woman who works for planned parenthood. factsonly
AGAINST	MT ProLifePolitics- Senate vote on SC Pain-Capable Unborn Child Protection Act could come as early as Wed. Contact your senators!
FAVOR	I'm killing my baby tonight, I don't care if it's wrong or right!
FAVOR	There's an undeniable inverse correlation between women's right to choose and crime rates womensrights
AGAINST	OnlineForLife thank you for the way you beautifully communicate the pro-life message. You all consistently blow me away.
AGAINST	RT NYS4Life: RT if you're ready to help us defeat AssistedSuicidelike we defeated AbortionExpansion! noPASny
NONE	lifeboatcoffee Thanks for the follow! Done with SB and other companies on the left. All about 1M1W CCOT
AGAINST	If BlackLivesMatter why not black babies in the womb? Somehow their lives don't matter.... puzzled with that one. catholic
AGAINST	wendydavis Pray?? You want me to PRAY that abortions and dangerous facilities remain unchecked?? facepalm
AGAINST	Equal pay for equal work? YES. Freedom from the fear of rape and sexual objectification? YES. The 'right' to abort? NO.
AGAINST	What about the equal rights of unborn humans in which about 1% could grow up to be LGBT? SCOTUS LoveWins
FAVOR	I can't stand people who are pro life because they had a stillborn or loss....
AGAINST	"gvandersee 100,000 (estimated) ozzie abortions of vulnerable, unwanted ""unlife"" right there. Value & Respect life. deathpenalty"
FAVOR	They know what's best for their health They know what's best for their happiness They know what's best for their well being..
AGAINST	A person's a person, no matter how small. - Dr. Suess WAAR
AGAINST	Love Wins? No it didn't. Love won't truly win until there is an end to abortion. Unborn babies deserve love too.
AGAINST	Why would a mother advice her daughter to abort?? Shame, responsibility, but truly is that the best advice?? ItsNotOnItsNotSafe
AGAINST	How dare you say my sexual preference is a choice, how dare you say dismembering my preborn isn't. liberalism
FAVOR	ALSO what the fuck gives a man the right to tell a woman what to do with her body? If she wants to get an abortion so be it Texas.
NONE	Changing the cis-nomative atmosphere is difficult.
NONE	RT Singerman2000: Government has exceeded its necessary size, scope and reach into the lives of its citizens. Armenia...
AGAINST	peiacsw please consider the status of preborn girls as the most vulnerable women in society. peivotes
AGAINST	ProLifeYouth know that life begins at conception.
AGAINST	NYCanegirl the premeditated taking of an innocent human life is 1st degree murder, and you know it.
AGAINST	helenantanova Turning it into a racial thing kek
AGAINST	Planned Parenthood lines its pockets while sacrificing women and children in need at the altar of abortion.
AGAINST	All of this has nothing to do w providing medical care - NARALVirginia on TRAP regulations scraptrap
AGAINST	RT StMotherTheresa: ...anything that destroys God's gift of motherhood destroys His most precious gift to women motherteresa
NONE	The only solution I see against the POTUS SCOTUS Tyranny is ArticleV FederalistPapers SCOTUScare GayMarriage wtf
AGAINST	A nation that kills its own children is a nation without hope. -Pope Saint John Paul II ProLifeYouth AllLivesMatter
FAVOR	Watching teen mom and watching Farrah be a bitch makes me believe in abortion that much more.
AGAINST	Do to others whatever you would have them do to you. This is the law and the prophets. Mt 7:12 ProLifeYouth
AGAINST	We are people who believe every child is entitled to life and liberty.... -BarackObama Yet abortion is still legal.
AGAINST	I am 1 in 3... I have had an abortion AbortionOnDemand MenstruationMatters
AGAINST	Good morning Patriots, let us continue to Pray for this great Nation and the UnBorn on this great day God has given us!! ccot
FAVOR	Definitely the SCOTUS today has landed where women are. Texas clinics issues
FAVOR	Bodily autonomy is a human right. A person's access to abortion is a human right. reprojustice reprorights
NONE	CandiesOrg Oops she did it again Bristol is PREGNANT. Candies is a waste. U paid her 400,000 for WHAT? PPL Send ur $ to
NONE	Findin budget compromise a 'process' Brownback says income thestate
NONE	Bigger problems 4 Christians than same sex marriage: worldhunger cleanwater sextrafficking slavelabor womensrights thelost
AGAINST	The right to control one's body is not a license to kill.Youth
AGAINST	nice_euna As much as they try the notion of ts the 21st century its killing a lot.....
AGAINST	Thanks Jeffrey_Addison Kudos to VolvoCarsAus for caring about the safety of unborn children auspol
AGAINST	"Thanks for gently spoken truth, DanaPerino ! How DO we as a nation ""protect the innocent""? TheFive CCOT DNC RNC"
AGAINST	When Laws are passed by SCOTUS that defy a Gods laws it is always the children who suffer. God bless the children. promarriage
FAVOR	Sadly, most health insurance plans don't cover abortions, so the price can be quite high....
NONE	Abstinence proponent BristolPalin, pregnant with second child, conceives of humility. MirthControl BirthControl
NONE	Last meeting of the year tonight! 7:00 pm in Case Hall room 334A. Come one come all! Pizza and pop will be provided!
AGAINST	In scotus majority opinion, substitute abortion for capital punishment, and you have the opinion for the Texas clinic case.
FAVOR	JustinTrudeau I also support Men's wrongs as well as Women's rights Standforchoice womensrights
NONE	Just because it is legal doesn't make it God honoring SameSexMarriage 180themovie AudacityMovie
AGAINST	I refuse to stop praying for an end to abortion.
AGAINST	sinnfeinireland SinnFein voted to kill unborn sick children
FAVOR	So unfortunate thebriefcase cbs. Adoption isn't always the answer.
NONE	Caleb_Lopez760 it is legal bro and its
AGAINST	True progressives work toward greater inclusion and protections for the marginalized. Standing up for the unborn is progressive!
NONE	Dude i won a freeshirt from abort73 ! I never win anything lol Abort73
AGAINST	Gets rid of a daughter and pretends she never existed. ParentTrapPlot or
FAVOR	ShowTruth No, I can't explain why you would consider a medical procedure that leaves the patient healthy & happy as killing.
AGAINST	"RT createdequalorg: ""We're all human, aren't we? Every human life is worth the same, and worth saving."" -J.K. Rowling ..."
FAVOR	Now we just need to give women everywhere their rightful choice
NONE	We must provide demonstrated sexual training as a preparation for marriage. From THE COMING WOMAN sexed marriage books
AGAINST	toby_dorena I am in favor of women's rights and their right to choose. How I chose is irrelevant to others
AGAINST	you have to live with that murder I am speechless with rage , hurt and complete disgust.Finding it V.hard to hold my tongue here
NONE	deep-seated cultural codes, religious beliefs and structural biases have to be changed No, HillaryClinton now what?
AGAINST	Of mothers advising their daughter's to abort are insane! It's unacceptable!! Condoms ItsNotOnItsNotSafe
NONE	MeghanMcCain so because SCOTUS ruled fors you think everyone just threw their hands up and supported LoveWins
AGAINST	If being in a mother's womb isn't safe I guess neither are churches; specifically black ones WhoIsBurningBlackChurches
AGAINST	Murdering an unborn child is the crudest form of contraception! Catholic Christian Conservative feminist
AGAINST	"Your life is worth a lot. Don't believe any ""compassionate"" politicians or doctors or friends who tell you otherwise. You matter."
NONE	rosaryrevival When we PrayTheRosary lest we forget to Prayforpersecutedchurch PrayForIsrael PrayForUkraine
AGAINST	I'm a woman who cannot conceive, and I proudly beg you to reconsider killing what I'd die for. ProLifeYouth
NONE	on a side note, just because you think smtg is wrong, doesn't mean everyone else have to live accd to your beliefs.. ^^
AGAINST	So mint! Listening to GlennBeck LIVE & he s talking about MargaretSanger being total Evil. Even if you're pro-Abortion!
NONE	do you spend more in cares to animals than in charity? LaudatoSi
NONE	Loriisright DWMcAliley1791 LitaZahn Yup. One of the MANY reasons I changed parties.
AGAINST	"RedAlert -there should be a ""stigma"" to butchering pre-born children - its a horrendous crime against humanity. murder"
NONE	madisonfletch_ but it's ok. at least it's only yo your hand that smells like dick
AGAINST	If you planted a garden you don't pull out the plants before they have a chance to bear fruit.
AGAINST	Hadn't seen October Baby until the other night. Had me crying thru the whole thing...I don't cry at movies. So touching! adoption
FAVOR	Govt cannot force you to get chemo but if you're a fetus, you must live! JulieBorowski reproductiverights
AGAINST	mikeboydprice Jake_Witmer ProLifeLiberty Where did we get that right? When did we get that right- at conception? antichoice
AGAINST	You support abortion? Never had an abortion? You'll still have to give account to your Creator for the taking of innocent life.
AGAINST	usweekly I doubt she was clothed with anything when that pregnancy occurred.
NONE	web_rant No, it shows that liberals should start thinking about the consequences of their actions polygamy gaymarriage
NONE	"CultureShifting ""If you don't draw the line where I've arbitrarily drawn it, you can't draw it anywhere."" Nonsense."
FAVOR	People who have been pregnant can be pro choice. People who can't have kids can be pro choice. People who have a uterus can be
AGAINST	Size,Level of development, Environment,Degree of dependency do not affect a human's value. . A fetus is a human being ProLifeYouth
NONE	Bad 2 days for Kansas Conservatives ksleg govsambrownback going 0-4 in courts SCOTUSMarriage SCOTUScare schoolfunding sweep
NONE	RyanDeloosh only if u want me to smash ur head through a solid wall made of steel each time u say it then shore honay urchoice
NONE	AdamMyerson quarq - Sent mine two days ago. Expect it back in two days. Quick turnaround and great customer service!
FAVOR	Oh look!!! So not only are antichoice strongly against pregnant people's human rights, they're also homophobic. Shocker. (Not)
NONE	NoMoreTeaForMe He said he would do it if he weren't a Christian. So he's also a coward.RepKevinCalvey p2 LibCrib UniteBlue
NONE	Had a great meeting today with two guys who I know are reading this tweet... Welcome to the team! Excited to expand Team Sobhy!!
AGAINST	It is a poverty to decided that a child must die so that you may live as you wish. -Mother Teresa
NONE	The Supreme Court justices are on fire this week LoveWins
AGAINST	In Ireland the unborn child has constitutional protection. Long may this continued.Youth
NONE	Why do we think we can outsmart satan when he has been at it for over thousands of years? scotus marriage isis LoveWins
AGAINST	"Democrats are always AGAINST ""Personhood"" or what they perceive to be legislation to recognize Personhood. Always. Colorado"
FAVOR	"LogicOfLife7 No one is advocating ""punishment"". Would you force ppl to give birth against their wills? rapeculture"
FAVOR	Happy to hear the SCOTUS blocked closing of 10 abortion clinics in TX until an appeal can be heard safelegalrare thinkprogress
FAVOR	If my body is the only way you can live and I don't want that I have the right to dismiss you. I don't know why that's a problem
AGAINST	PRAYERS FOR BABIES Urgent prayer in Detroit MI ...two in San Diego CA&one in San Antonio Life begins at conception
FAVOR	Praise to District Court Judge Larry Hendricks for blocking that ridiculous anti-abortion law in Kansas
NONE	j6fras same but I got hated for it. progod progun
NONE	Terrible golf last couple days! Goes down on the notes as one of these
FAVOR	At the Mass. State House again tomorrow for Planned Parenthood's Sexual Health Lobby Day ReproductiveJustice Feminism
NONE	Tip for protesters everywhere: your goal is to change the minds of rational adults, not to scar the minds of little kids. PGH
AGAINST	You were alive for up to 9 months before you were bornKills
NONE	Gov Brownback visits cities in Kansas 2 sign new bill woman
FAVOR	Progress for AfricanAmericans check. Progress for Gay people check. Progress for Women. Waiting waiting waiting....
AGAINST	Some Bitches be scared to kill a little cockroach in their house but quick to kill a baby...
AGAINST	WildChild69 No, U want 2 limit the doctor's choice & force him/her to help w/ abortions. I want to protect life & human dignity.
AGAINST	Alright SCOTUS your next order of business should be overturning roevwade
FAVOR	"How can you be ""against abortion"" and also want to take away all the free birth control clinics for the poor? How?"
AGAINST	ProLifeYouth know that human life in the womb is as valuable as human life outside the womb.
FAVOR	When is abortion a responsible choice? When a woman chooses it to be
AGAINST	Demand the Senate vote to ban painful late-term abortions. Use your voice to help hold the Senate accountable. bluemoon
NONE	"Corey_Frizzell PEILiberalParty and most Islanders have different definitions of ""timely access"". irony peipoli peivotes"
AGAINST	I am a man, but I feel most qualified to make healthcare decisions for women. ThingsYouDontSayAsAPolitician
NONE	Our spirits Live on - thru the FAMILY BLOODLINE - ONCE YOUR Bloodline is Destroyed - U WILL NEVER REINCARNATE AGAIN LGBT
AGAINST	U.S. Fed law does nothing to prevent killing of pre-born children even up til sec of birth or seriously address root causes of
NONE	Is there a gas that increases self-mutilation (tattoos, piercing, drugging, over-eating, & suicide) & violence? waleg
AGAINST	Florida AttorneyGeneralBondi files appeal after Judge grants ACLU request to temporarily halt new law requiring 24hr wait before
NONE	words are meant to trigger strong emotional responses as well as to the medical inaccuracies & misogyny..
FAVOR	People aren't 'pro-life' they're 'pro-birth'. When a mother can't provide what happens then?
AGAINST	Abortion does not make you un-pregnant, it makes you the mother of a dead child.isright
NONE	FACT: 17% of today's population is equivalent to residents in New York, Florida, and Pennsylvania. Where's the outrage for this?
AGAINST	DarkTechMonitor Colonel_Ted chrisgeidner Ginsburg already supports the death penalty..i.e.
AGAINST	RT ORConservative: POTUS Pontifex Everybody but the unborn, right?
AGAINST	"Andrea_provida Or another hypocrisy are those who campaign for animal rights but are ""pro choice"" ."
NONE	No ones fenna die from this heat on my watch.
AGAINST	Life is precious & so are babies, mothers, & fathers. Please support the sanctity of Human Life. Think
FAVOR	AYoungJFK it was her choice Mark! profeminist
AGAINST	Abortion has nothing to do with feminism. Its about the BABYS body, not yours.isright
AGAINST	HOW COULD I DIE BEFORE EVEN I BORN,TO YOU I AM JUST TINY LITTLE THING THAT DOESN'T MATTER
FAVOR	Today I am grateful to have the right to control my body without govt influence. antichoice leaders want to stop this. abvote
NONE	Good Friday morning patriots. Make it ur best one ever. Smile all day long. LNYHBT RescuePets SOT SOV NeverGiveUp
AGAINST	RT GrumpyOldGuy2: DebbieWashermanSchultz the woman has a voice the doctor has a voice. Who speaks for the baby? I'm just askin.
AGAINST	Please join us as we pray to end the global holocaust of abortion!
AGAINST	All babies are a blessing BristolsBlog thank you for loving what you been preaching
FAVOR	ProLifeLiberty Yes, your reasoning is horrible. We were talking about abortion, not death.
NONE	Joining us in studio is Amos and Josh on Music and Career with Kobi Kihara Bands
AGAINST	A person's value is not determined by his size. prolifegen prolifeyouth
AGAINST	UberFacts because that 9% utilized that wonderful gift of choice (proChoice).
NONE	Now the matter of abortion comes next.
NONE	charlescwcooke HillaryClinton Once they're born, that is.
NONE	AnnaLoMLA one step forward in the right direction
AGAINST	PeoplesDebate Better every child born out of marriage + every mothers get loneparents allowance than there be a single VinB
AGAINST	The same people that demand gov stay out of their vaginas, demand that gov legitimize their same sex bedrooms! Curious. LoveWins
FAVOR	__HisKindaCrazy _QueenTacoBell thumperbunny88 Abortion is NOT illegal and I would never judge a woman for making that choice.
NONE	On my way to Sweden! LETAccess womangolf letsgooo
NONE	Today the proverbial straw broke the back of America It's just a matter of time We've gone too far... LoveWins
AGAINST	It should never ever be legal to have an abortion because murder is wrong & AbortionIsMurder not healthcare . We Must .
AGAINST	oXGodLessXo Canuckle_head Atheist_Roo atxbantamathy /gags Dat face.
FAVOR	People who want kids can b prochoice. U don't have to want an abortion to b prochoice. People who had a miscarriage can b prochoice
NONE	What is it that makes the human race behave in an undignified way to gain attention? furgison prideparade potus isis lgbt
FAVOR	explicit0ceans I don't either. Why would you want to make people have kids? Esp when they're not prepared? Makes no sense.
AGAINST	Re Last: I can't get past this...why must abortion providers dismember a fetus alive? That just sounds...hideously inhumane.
FAVOR	mrprolife You would force a woman to risk her health, sanity, and life, to continue a doomed pregnancy. Against her will. No.
FAVOR	RT pari_passu: Dear Religious Right: I keep my uterus out of your church, so keep your church out my uterus.
AGAINST	Still waiting for Libs to explain how the premeditated murder of a premature baby is reproductive healthcare. ccot
AGAINST	WhiteHouse POTUS All children except the millions that have been aborted everylifematters
AGAINST	RT alvedaking: The most disturbing thing we to this planet is to flood our streets with the blood of children from HappyEarth...
AGAINST	Abortion IS NOT a political issue it is a MORAL issue. Catholic Christian Conservative
NONE	RT FrCharles: .giannaberettamo GiaMolla sphcs_news Happy feast of St. Gianna Beretta Molla! May she pray for us!
AGAINST	Pretend I'm a tree and save me. -babies everywhereyouthgen
AGAINST	ProLifeYouth Precisely! In God's eyes, ALL life is precious. Let's make this generation the one who ends abortion! ProLifeYouth
AGAINST	UCBerkeley No Such Thing As An Unforced ProlifeYouth
AGAINST	EVERYONE has a right and choice of either HEAVEN or HELL. ProMarriage ProFaith EternalLifeMatters
NONE	jemimakirke my hat is off to you for speaking out about something that is rarely discussed by anyone who has a voice.
AGAINST	HillaryClinton Don't you mean to say (all children deserve the same chances) except the UNBORN CHILDREN?
AGAINST	PeoplesDebate Juvenile hysterics from that woman. Killing babies is bodily autonomy? People dying of neglect but lets have VinB
NONE	So ready for my abortion debate
AGAINST	AMLiveNTV: its morally wrong. Life is sacred and only the giver and its onlyHim alone that should take itHaveYourSay is on
FAVOR	SoProLife they want to force Texans to carry pregnancies that WON'T EVEN PRODUCE LIFE.
AGAINST	Abortion laws should be designed to make it harder to get an abortion. Abortion is murder!
NONE	Every time you respond to something that frustrates you, you let it steal away your time and happiness. EasyWeightLoss
AGAINST	ghhshirley Charged with Manslaughter After Another Woman Dies From
FAVOR	Forced reproduction is a human rights violation. feminism abortionrights
AGAINST	As long as they are allowed to show medically correct photos of contraception use at the family planning table StopAbortion
FAVOR	Snitfit because it's not your baby, body or decision, nor does it effect your life in any way. So it's none of your business.
AGAINST	explicit0ceans whoa whoa whoa. I don't care about you having sex, but when you're pregnant, there's another life involved.
AGAINST	Will you be my voice? -unborn babiesyouthgen
AGAINST	If you want Equality then let ALL the babies live!!
NONE	(3/3) So when AUL tells you MLK was prolife, they're lying. (Their gullible followers r likely just misinformed). UniteBlue
NONE	Everyone who disagrees has always had the right to mind their own damn business!!!! LoveWins
NONE	SaculSacul GVPrayerWarrior No guarantee she will be destroyed I trust God.
NONE	Dear Nuns, your advocacy of tax paying is weird. war Iraq deathpenalty taxespayforthistoo TaxpayerPride
FAVOR	Like the govt. is literally taking away your right to live your own life by defunding right now
NONE	"BBCNewshour ""if u had been my wife I would have blow your head off."" Yep, that sound like ElSalvador"
AGAINST	Messed up: Being outraged that it's legal to distribute images of abortion, but being fine with abortion being legal. No2Trudeau
FAVOR	U know what isn't funny? Male politicians deciding what women should do with their body's.
NONE	SCOTUS has caused more repression and racism in this nation that any other group of people in America. DredScott Marriage
AGAINST	bethanyshondark do you mean Bristol? She was just being honest about her feelings - many can relate - hope they choose life too!
NONE	I'm so glad this is Not My Home! NMH SCOTUSMarriage ACA
NONE	Manipulation, Disguise, & Evil is always seen by the out-come. The Ugly Doors of Satan appear in all forms when it's Fake Love.
AGAINST	because it is settled that [abortion] is constitutional, it necessarily follows that there must be a means of carrying it out.
NONE	WildChild69 AnnieJMJ binghamrk Jesus says to trust him in ALL things not to put trust in men or the world.
AGAINST	If Doctors used guns to perform abortions, would liberals then be opposed? 2A liberallogic
FAVOR	"LogicOfLife7 I don't confuse ""right to life"" with 'right-to-use-someone's-body-without-consent'. Do you? rapeculture"
AGAINST	We are the prolifegen and we will abolish abortion in our lifetime! prolifefuture tcot
AGAINST	Life, what a beautiful choice. Adoption. Not abortion.
FAVOR	She* knows what's best for her* happiness & her* body
NONE	If we ever forget we're one Nation under GOD, then we will be a Nation gone under. Reagan Christian 2A DogLover Conservative
NONE	Anti_Fox_News MannyMooncup lexinelli MattSears4 FactsVsOpinion Hypocrisy: saying LoveWins while supporting QuitKillingGirls
NONE	ErikLoomis You're a historian? Of what , malice? Your hatred of her child is astonishing. palin
AGAINST	There's a gray area when it comes to abortion. We discuss the legal & ethical dilemmas that doctors & patients face regarding
AGAINST	Justice Breyer et al think injections into arms of killers is heinous. No word on acidic saline executing unborn babies, however.
NONE	I'm gonna fuck CaitlynGuyerXOX Next weekend
FAVOR	Coming from a female that was taken away the ability to have children. I still believe women should have the ability to choose.
NONE	Like ya'll can try and push your views on me anyway but I will remain
NONE	Part of our celebration will be dancing our butts off to a LGBTQIA pride inspired playlist. What songs should we add to our list?
FAVOR	Inching toward diabetes while supporting ProChoiceMass at ChocolateMadness 2015. mapoli
AGAINST	Since 1973 the USA has killed (via abortion) over 5 times the number of ppl Hitler is considered responsible for killing
AGAINST	nice_euna Its not only safe but contrally to the ten commandments... Thy shall not kill ItsNotonItsNotSafe
NONE	Undergirding every important issue today is this: what is truth? marriage racism gender
FAVOR	MarthaPlimpton It's not Monday on Twitter until some right wing troll sends me a video of an abortion ReproRights
NONE	tonylee01979 make their own decisions doesn't mean you need to harass me . Goodbye now. freedom
NONE	BlackLivesMatter Protesters wd'rather spray paint Confederate symbols than concern themselves w/ Millions of Black Lives Lost to
AGAINST	"RT createdequalorg: NEW video: ""I'm not seeing it as a human being."" StandTrue liveaction_news collegefix LifeSite prolife..."
AGAINST	Abortion is on the wrong side of history: healers, inventors, artists, your wife, your husband, your best friend, all eliminated.
FAVOR	I'm pro choice for if you want to kill living babies, go right ahead.
AGAINST	sassy_gramma Good point but Our heart starts beating 22 days after conception we are alive at conception.
NONE	BuckSexton of course we want the Feds to puff puff pass! TeamBuck warondrugs
AGAINST	Every human person - is a being of inestimable worth created in the image and likeness of God. -St. JPII
FAVOR	SB724 passes Sen. Judiciary Cmte.This bill is an effort to shame women out of their personal, private medical decision to have an
AGAINST	This is a debate about our understanding of human dignity/what it means to be a member 0 the human family/even tho tiny, powerless.
FAVOR	Some people are not ready for a child or they were even raped, and theres already too many kids who need adopting anyway
AGAINST	Gay Marriage & Murdering the Unborn will always be a SIN in GODS eyes. ccot tcot jesus bible.
FAVOR	CrimsonHotMess don't need your input but thanks. womanschoice controlyourownbody
NONE	smalldoctor15: What is postinor popularly used for?
NONE	Docjp Pressure? It's their job and they are failing miserably at keeping the promises they made. GOP PJNET Amnesty Obamacare
AGAINST	A pregnancy, planned or unplanned, brings spouses,families & everyone closer to each other. Life is beautiful! USA
AGAINST	Jesus loves the children of the world, the born and the unborn.Youth
AGAINST	DWStweets RepDWStweets is a seven pound baby murderer. Too bad her Mom didn't have the same operation. Baby Democrats Losers
AGAINST	In church for a Pro-life meeting. I will be the voice for the unborn. SaveTheBabiesBumpThemAnimals GodIsLoveSoLoveWins!!
NONE	Roe v Wade prevented the biggest crime spree predicted in U.S. history. The guns were there; the criminals weren't. gunsense
AGAINST	Sweat, killed and cut up his victim, extreme deadbeat parents do the same to innocent babies by abortion, scotusabortion
AGAINST	ProLifeYouth have no chill, and we're dang proud of it. Human rights injustices should never be treated lightly. prolifegen
FAVOR	I know what's best, for my health. You don't know anything about me.
AGAINST	Im against abortion & i stand by my opinion. No, its NOT just a mass of cells.
AGAINST	It's great that same-sex marriage has been made legal, but how long will it take to make abortion illegal?
AGAINST	"ThingsYouDontSayAsAPolitician: ""I'm personally opposed to abortion, but..."" Abortion is WRONG. Period. youth"
AGAINST	BlackLivesMatter unless they are pre born black lives then they don't matter AbortionIsMurder LiberalLogic
AGAINST	We can be the generation that ends abortion. I don't care whose toes we step on or who we offend, it's time to put an end to
FAVOR	"ShowTruth No. It's absurd to refer to healthcare that saves pregnant people's lives as ""killing."
FAVOR	pro-life? no you're more pro-birth then after that the baby can support itself!!! makesnosense prowomen
AGAINST	everyone should have the right to make their own reproductive choices & recieve safe medical treatment without stigma.
FAVOR	I just want to sit in a corner and cry. I wish I was a thicker-skinned feminist but this shit is personal! MyBodyMyRights
NONE	StAlbertCIVC do you have influence on policy on how the info is presented as a whole, given that you are listed as a Partner.
AGAINST	Since roevwade 1/3 of my generation has been aborted. Where were their rights?youthgen
AGAINST	Can we get a law for the little ones who can't even speak for themselves? ProLifeYouth EVERYLIFEMATTERS gay straight baby
AGAINST	crazygranny56 More blacks killed by abortion than during slavery ConfederateFlag
FAVOR	Good morning JustinTrudeau. Do you plan to tell WadePEILiberal that women on PEI deserve the right to choose? cdnpoli peipoli
FAVOR	LogicOfLife7 I don't think I have a right to use someone else's body without consent. Do you? rapeculture
AGAINST	They were slaying their own souls when they offered up their sons & when they shed the blood of infants. Augustine Psalm106
FAVOR	RT gbforchoice: When is abortion a responsible choice? When a woman chooses it to be
AGAINST	How much do we really believe in equal rights for all mankind? unborn LoveWins followthrough SCOTUS roevwade science
NONE	What the leftists are doing is putting all Americans in danger! tcot UniteBlue LoveWins LGBT SCOTUS
NONE	"Any asshat ""protesting"" against SofiaVergara is a disgrace to the entire Women's Rights movement. Live and let live."
AGAINST	"BarackObama celebrates ""equality"" while 3000 unborn babies were killed today. Let's talk about a real inequality sir LifeEquality"
